{"/5TxP6rB5Xsj6wML99MSww==":"logo2.png","m3xv8yGrGWZ4O/bEz3LB+Q==":"women-1.jpg","6Wxb3s6ocFYEtkfVh/cZaQ==":"word-1.jpg","HfO7NJnweXRDZvw8YXVz8A==":"word-3.jpg","6m/OU/XBUwrRH0ZXfTq4Ow==":"word-2.jpg","kn7qXpK11Bx/xxf45/U0pA==":"word-4.jpg","IQZLhYtqcuQgJrqLH44HeA==":"word-5.jpg","vSH+D/f1uynalms0oTVrlA==":"word-6.jpg","Cj73YKUSweiqZWIyBQIMyA==":"man-3.jpg","3mFfXUT1y8B3fwSyXYr0aQ==":"office-3.jpg","jnww8yLvDWoYnNgDwkA8tA==":"sneakers.jpg","rF1qRX1X2N1JiZWeaOxUmA==":"porsche.jpg","KMgIMb2VOgnkgkZZalrrJQ==":"bike.jpg","DW3izTzZPnAwHlq6YXV1iQ==":"team1.jpg","FdhK5xex5lG+IFoSKix1zA==":"team2.jpg","qb71uR5rI2P+sE0WiHyXNg==":"interion.jpg","b+buQZikE+5p3sfc8xp+eg==":"team3.jpg","AFWbLwGHsp27Mh8eDJZRQQ==":"people-3.jpg","IS6ZMXNrwkOUuDfC+fLF3Q==":"people-1.jpg","fGtEck5sgPRBIhyCb256Uw==":"people-5.jpg","2MPMaoYZ8jRAHgut82ScUA==":"people-6.jpg","cmJ7PpOCTEr6dSMzCZ+wDA==":"people-4.jpg","Cu2DpAN8j8FAVP+lY8cxGQ==":"people-2.jpg","BYkFurULi1/d9Pm0xGeZkw==":"team4.jpg","PBHv+NA9qIrdCycG2ysy/Q==":"mbr.jpg","Wf7utxivY7Ugtc3K0WWZlA==":"mbr-1.jpg","FZK/YfxBMWFni9Y2/pCCdw==":"office-4.jpg","0jdjPTZougYgd2G2NnX3Bw==":"-jgs3851.jpg","dApGJeC+9DFnxO68WJA5yA==":"asset-12x.png","8o1AvixPPGxEvPV5z+w8xA==":"asset-23x.png","nC+ONFPhgnCnSLTnac/Ykg==":"asset-23x-1.png","FlIGtt1DUo2bGjDVVS34sg==":"-jgs3745.jpg","KKKHod4hE5jUP6ffLKaPyg==":"-jgs3745.jpeg","SZ5u7nqo3kj8Qywr4sv67g==":"-jgs3745-1.jpeg","iYJ7MDWeFVVLmfadEmX9RQ==":"-jgs3745-2.jpeg","1KALR7egToexApn9lhVJhA==":"-jgs3854.jpg","KoaN13uPSAIoYEmls54S1g==":"-jgs3854.jpeg","1yDwOk8AOSv2egspIKgHsA==":"-jgs3854-1.jpeg","BuESW3pQoW8OJ/s+SHsBwg==":"-jgs3854-2.jpeg","9IqQyaVORqDnlclExNmPQA==":"-jgs3854-3.jpeg","2+YcnxaGZgFkfn9Y5useJw==":"asset-34x.png","E9mpKX1c7RB8CuhyMqZtNw==":"asset-44x.png","Yrwj/9p8AWZHeng+qkntMA==":"asset-52x.png","Dz1Th9bzMIPPduiEOAkCfA==":"man-4.jpg","H3rpYiqyRrSNLhluDP8PmQ==":"-jgs3746.jpg","mVCI8jV2XauRSwyFIcscgA==":"-jgs3747.jpg","hyqzASg+zD7dzomRbBkSxA==":"-jgs3747.jpeg","pO2BsmX/uAqydgK+y6RuxA==":"-jgs3746.jpeg","nQVN9lnGI2X6eyVJTzssVQ==":"capa-live.png","+rGy0pgeY+Wke0iaXgWFFQ==":"capa-live-1.png","ibh+K4AYtVFeUpzmuds8kw==":"capa-live-vpn.png","zIPcNZ/PJqj5w0Iyrb2MJA==":"capa-live-vpn-2.png","dp12Mnt5Cs/yfUYqORn8XA==":"-jgs3747-1.jpg","fXCSi6wJqh+QjOlMVH722A==":"-jgs3747-1.jpeg","ir23Dc/UWCk356nCVpbhqQ==":"investigadores-voce-na-policia-2.jpg","fZiUl0TZcc6LZHdZVoOdKg==":"investigadores-voce-na-policia.jpg","2p6PEv76gLOJC2Kb4g1/wg==":"investigadores-voce-na-policia.jpeg","FFOCPsCOaiQIbnWpSnoYoQ==":"asset-152x.png","cQLay6ZrvS0MtpLSNhnxPg==":"asset-162x.png","IPREOynw+JWwQ96wGfJJ2Q==":"asset-172x.png","l96/wM8dBK02SvkAIEFiKQ==":"asset-172x-1.png","bwBtrFF3r2Yt6wjbkByc1Q==":"investigadores-voce-na-policia.png","JOMqsPEDlvlIXe93HUlmQg==":"-jgs3854-4.jpeg","Gqz2PUh+yQPeUthmTwm++w==":"background7-1.jpg","rYOnWzwxppC1aVJ1vE2tSg==":"voce-na-policia.png","i7erbyxG91dGDon0pOB/GQ==":"voce-na-policia-1.png","fUrRavbZc76sxbzWQRNR1A==":"voce-na-policia-2.png","8qLzWEhyy3Yd6LBAFM6yNw==":"voce-na-policia-2.jpeg","wu+ZM2GCtQzIKMrGEK6pow==":"voce-na-policia-3.jpeg","Vlo8GBpDv/VRWwPbVDYtRQ==":"voce-na-policia-4.jpeg","GETTganZtaoimqYeoPDgkA==":"voce-na-policia-5.jpeg","wP7lAqPWssprKoZ9Q96UnA==":"voce-na-policia-3.png","5H9TS9mOGxBhCeDw615zlw==":"voce-na-policia-4.png","GyyjAReNmy1c29gqLAizGQ==":"voce-na-policia-5.png","miCzl4Rvr9R9LX/tZ/kNVw==":"voce-na-policia-6.png","XMeXkTVgOO1nGiYoE17lSA==":"voce-na-policia-7.png","6umIhsz7b3ko1WXzkeslVQ==":"voce-na-policia-8.png","k2hH3j+w6Bzut3G4qJNBrw==":"capa-video.png","+b3nHCw0LYtkd0DiOcRnmA==":"voce-na-policia-9.png","pYNPmg2Q3s8M85NRFseiew==":"voce-na-policia-10.png","kK+D/7XNPHwukph9LOhfSw==":"voce-na-policia-11.png","SUE6vB898PKu/BDfQN70zg==":"voce-na-policia-12.png","Nv5Uaw8Ud7TT+nK9Mm0pFQ==":"voce-na-policia.png","rOsaKCbjO1NyJCgEQ1onKA==":"voce-na-policia-3.png","r04pciXaoHgNtwjde9roog==":"voce-na-policia-4.png","A+hVi6yxo1QEYXP272fdgQ==":"voce-na-policia-1.png","wy1BU4cuVqCDwZTCvSI2cA==":"voce-na-policia-2.png","+OAK0+7TvrjyB5UYJCCydQ==":"ativo-342x.png","eeRCAnHL8mGPDyW4LZxwtw==":"voce-na-policia-5.png","GKgc8QNF2tIG3beaURMZuA==":"voce-na-policia-6.png","VomZox3FuYm+jZg9n6EHhg==":"sobre-nos.jpg","KUGTf43TJwuYyxvBVpu0+g==":"voce-na-policia-7.png","RzFPwXyEB6G0AB/QifvVvA==":"voce-na-policia-8.png","Y4M4dGxLZmDKL7WkXumiCg==":"voce-na-policia-9.png","aLiABsfGtliq8DYVrPo/mw==":"logo-vnp.png","aLX5XHmewkQF5s2gvyalRA==":"voce-na-policia.jpg","wVOBTOdMShewQ7X1bvg16A==":"ativo-392x.png","oUOA34H6pSc1oAPmVn1LBg==":"background3.jpg","oo3+s5uiJuu6G+9H2giIDQ==":"voce-na-policia-2.png","AGTnQo49gZlqEMRTMLUZtA==":"voce-na-policia-3.png","oRykAiO0rUD++7AmPeEwUg==":"background1.jpg","N4TV+39wEcn9Q7X/esubzA==":"-jgs3970.jpg","rMLyU8otullCbpd/4q0Rtg==":"ativo-92x.png","ogPqC7PcRM0P65LEpVqBbA==":"ativo-102x.png","TM5KySNmQZXGW1PP7m1klA==":"voce-na-policia-4.png","gnJVvIlsepPTslZ8bOhU+g==":"garantia-selo.png","AYJXUmFqOI/90rhfxUt8jQ==":"garantia-selo-1.png","nSpAFUX6H0xtixb5+GQ4RQ==":"garantia-selo-2.png","q3Cyk07DRt4ZZZ0drZlL9g==":"garantia-selo-3.png","UdJM/mmZjuOfe5kfMJOqfg==":"foto-leandro.png","VeJju67/yjK8HXZYOdAukQ==":"foto-leandro-1.png","wIwab3S3FI6Ybi8v44t6fQ==":"foto-leandro-2.png","DJvffg1ov41SPT4u1U8PfA==":"capa-vnp-web.jpg","6CH6PNtycBiD9R3t+7hl0w==":"capa-vnp-web.jpeg","dnHVq247ryPz6tBPkIVrdQ==":"capa-vnp-web-1.jpeg","xWhklcP60iAIuQEYM04C4Q==":"capa-vnp-web-2.jpeg","7AJ1LvN5b2xPXEycR8zhFg==":"capa-vnp-mobile.png","v4eAaMmnwxv17a+bokrnLw==":"capa-vnp-mobile-1.png"}